algorithm,breakfast_ids,breakfast_names,carbohydrate_RLL,carbohydrate_RUL,carbohydrate_ok,carbohydrate_value,distinct_groups,diversity_enabled,energy_RLL,energy_RUL,energy_ok,energy_value,experiment,fiber_RLL,fiber_RUL,fiber_ok,fiber_value,food_count,forbidden_items,lunch_dinner_ids,lunch_dinner_names,objective_co2,objective_cost,objective_preference,objective_time,penalty,protein_RLL,protein_RUL,protein_ok,protein_value,rank,sodium_RLL,sodium_RUL,sodium_ok,sodium_value,user_id,username,vegetarian,violated_nutrients
NSGA-II,11 86 28 56,ÇİKOLATALI YULAF GEVREĞİ | ÜZÜM PEKMEZİ | HİNDİ SALAMI | PATATES SALATASI,170.0,300.0,True,176.1182,5,False,2000.0,2400.0,True,2338.5773,user1_nsgaii_nodiversity,20.0,9999.0,True,27.9664,6,0,306 258,ORMAN  KEBABI | KIYMALI KABAK DOLMASI,32.3,17.03,31.4,233.0,0.005917,40.0,100.0,False,101.1834,1,1500.0,2300.0,True,1567.326,1,user_gamma_3991,False,1
NSGA-II,11 86 28 56,ÇİKOLATALI YULAF GEVREĞİ | ÜZÜM PEKMEZİ | HİNDİ SALAMI | PATATES SALATASI,170.0,300.0,True,176.1182,5,False,2000.0,2400.0,True,2338.5773,user1_nsgaii_nodiversity,20.0,9999.0,True,27.9664,6,0,306 258,ORMAN  KEBABI | KIYMALI KABAK DOLMASI,32.3,17.03,31.4,233.0,0.005917,40.0,100.0,False,101.1834,2,1500.0,2300.0,True,1567.326,1,user_gamma_3991,False,1
NSGA-II,11 86 28 56,ÇİKOLATALI YULAF GEVREĞİ | ÜZÜM PEKMEZİ | HİNDİ SALAMI | PATATES SALATASI,170.0,300.0,True,176.1182,5,False,2000.0,2400.0,True,2338.5773,user1_nsgaii_nodiversity,20.0,9999.0,True,27.9664,6,0,306 258,ORMAN  KEBABI | KIYMALI KABAK DOLMASI,32.3,17.03,31.4,233.0,0.005917,40.0,100.0,False,101.1834,3,1500.0,2300.0,True,1567.326,1,user_gamma_3991,False,1
NSGA-II,11 86 28 56,ÇİKOLATALI YULAF GEVREĞİ | ÜZÜM PEKMEZİ | HİNDİ SALAMI | PATATES SALATASI,170.0,300.0,True,176.1182,5,False,2000.0,2400.0,True,2338.5773,user1_nsgaii_nodiversity,20.0,9999.0,True,27.9664,6,0,306 258,ORMAN  KEBABI | KIYMALI KABAK DOLMASI,32.3,17.03,31.4,233.0,0.005917,40.0,100.0,False,101.1834,4,1500.0,2300.0,True,1567.326,1,user_gamma_3991,False,1
NSGA-II,67 50 48 24,PORTAKAL SUYU | MEYVELİ YULAF GEVREĞİ | MEVSİM SALATASI | HAVUÇ SALATASI,170.0,300.0,True,201.9896,7,False,2000.0,2400.0,True,2066.6366,user1_nsgaii_nodiversity,20.0,9999.0,True,39.1248,8,0,393 231 162 191,YOĞURTLU PATLICAN KIZARTMASI | HİNDİ SOTE | ERİŞTE | ETSİZ PATLICAN MUSAKKA,16.5,15.4,45.5,243.0,0.0,40.0,100.0,True,87.8779,5,1500.0,2300.0,True,1898.8952,1,user_gamma_3991,False,0
NSGA-II,78 14 19 94 84,SOSİSLİ MİLFÖY BÖREĞİ | DİL PEYNİRİ | ERZİNCAN ÇORBASI | YULAF GEVREĞİ | TAM BUĞDAY EKMEK,170.0,300.0,True,238.0233,7,False,2000.0,2400.0,True,2038.393,user1_nsgaii_nodiversity,20.0,9999.0,True,40.0611,9,0,178 330 220 355,ETSİZ BULGURLU LAHANA | PORTAKAL | HAZIR PAKETLİ SÜTLÜ TATLI-KEŞKÜL | SOSLU PATLICAN KIZARTMASI,43.1,15.37,26.9,293.0,0.0,40.0,100.0,True,63.3956,6,1500.0,2300.0,True,1855.198,1,user_gamma_3991,False,0
NSGA-II,93 21 6 79 81,YOĞURT B | FINDIK EZMESİ | BEYAZ PEYNIR | SÜT | ŞEFTALİ SUYU,170.0,300.0,True,177.4726,6,False,2000.0,2400.0,True,2118.3394,user1_nsgaii_nodiversity,20.0,9999.0,True,35.8778,9,0,237 236 165 350,İMAMBAYILDI | İÇ PİLAV | ETLİ BEZELYE | SEBZELİ MAKARNA,54.6,16.8,60.4,320.0,0.0,40.0,100.0,True,71.9259,7,1500.0,2300.0,True,1783.5988,1,user_gamma_3991,False,0
NSGA-II,93 21 6 79 81,YOĞURT B | FINDIK EZMESİ | BEYAZ PEYNIR | SÜT | ŞEFTALİ SUYU,170.0,300.0,True,177.4726,6,False,2000.0,2400.0,True,2118.3394,user1_nsgaii_nodiversity,20.0,9999.0,True,35.8778,9,0,237 236 165 350,İMAMBAYILDI | İÇ PİLAV | ETLİ BEZELYE | SEBZELİ MAKARNA,54.6,16.8,60.4,320.0,0.0,40.0,100.0,True,71.9259,8,1500.0,2300.0,True,1783.5988,1,user_gamma_3991,False,0
NSGA-II,84 92 13 63,TAM BUĞDAY EKMEK | YEŞİL ZEYTIN | ÇOBAN SALATASI | PEYNİRLİ GÜL BÖREĞİ,170.0,300.0,True,245.6945,8,False,2000.0,2400.0,True,2348.6051,user1_nsgaii_nodiversity,20.0,9999.0,True,35.8877,9,0,266 130 338 173 393,KORNİŞON TURŞU | BÜLBÜL YUVASI | SALÇALI MAKARNA | ETSİZ BEZELYE | YOĞURTLU PATLICAN KIZARTMASI,38.6,14.7,33.4,370.0,0.0,40.0,100.0,True,51.4599,9,1500.0,2300.0,True,1542.0983,1,user_gamma_3991,False,0
SPEA2,45 18 35 93 23 85,MAKARNA SALATASI | ELMA SUYU | KAYISI SUYU | YOĞURT B | HAŞLANMIŞ YUMURTA | TAVADA YUMURTA,170.0,300.0,True,216.9288,8,False,2000.0,2400.0,True,2020.359,user1_spea2_nodiversity,20.0,9999.0,True,22.5375,10,0,185 126 368 302,ETSİZ KEREVİZ | BROKOLİ SALATASI LD | TAS KEBABI | MUZ,28.5,21.3,38.7,281.0,0.0,40.0,100.0,True,88.3138,1,1500.0,2300.0,True,1723.912,1,user_gamma_3991,False,0
SPEA2,60,PATATESLİ YUFKA BÖREĞİ,170.0,300.0,True,264.6753,6,False,2000.0,2400.0,True,2089.5732,user1_spea2_nodiversity,20.0,9999.0,True,25.1443,7,0,343 328 138 354 197 348,SEBZE GARNİTÜR (HAŞLANMIŞ) LD | PİRİNÇLİ HAVUÇ ÇORBASI | CEVİZLİ TEL KADAYIF | SOSLU MAKARNA | EZOGELİN ÇORBASI LD | SEBZELİ HİNDİ ROSTO KÖFTE,31.2,17.65,42.4,435.0,0.0,40.0,100.0,True,77.3141,2,1500.0,2300.0,True,1576.415,1,user_gamma_3991,False,0
SPEA2,25 39 29 44 31,HAVUÇ SUYU | KREP | INCİR REÇELİ | LOR PEYNİRİ | ISPANAKLI KOL BÖREĞİ,170.0,300.0,True,249.2262,9,False,2000.0,2400.0,True,2278.096,user1_spea2_nodiversity,20.0,9999.0,True,38.7183,9,0,196 285 172 258,ETSİZ TÜRLÜ | MALTA ERİĞİ | ETSİZ BARBUNYA | KIYMALI KABAK DOLMASI,34.0,21.67,46.2,440.0,0.0,40.0,100.0,True,67.108,3,1500.0,2300.0,True,1702.717,1,user_gamma_3991,False,0
SPEA2,55 60,PATATES PÜRESİ B | PATATESLİ YUFKA BÖREĞİ,170.0,300.0,True,261.2889,8,False,2000.0,2400.0,True,2055.9116,user1_spea2_nodiversity,20.0,9999.0,True,22.9943,10,0,211 398 274 213 217 128 314 181,HAVUÇ ÇORBASI | ZEYTİNYAĞLI BROKOLİ | KREMALI MANTAR ÇORBASI | HAVUÇ SUYU LD | HAYDARİ | BULGUR ÇORBASI | PATATES SOTE | ETSİZ HAVUÇLU YEŞİL MERCİMEK,25.7,14.49,38.7,515.0,0.0,40.0,100.0,True,66.8676,4,1500.0,2300.0,True,2267.764,1,user_gamma_3991,False,0
SPEA2,55 60,PATATES PÜRESİ B | PATATESLİ YUFKA BÖREĞİ,170.0,300.0,True,261.2889,8,False,2000.0,2400.0,True,2055.9116,user1_spea2_nodiversity,20.0,9999.0,True,22.9943,10,0,211 398 274 213 217 128 314 181,HAVUÇ ÇORBASI | ZEYTİNYAĞLI BROKOLİ | KREMALI MANTAR ÇORBASI | HAVUÇ SUYU LD | HAYDARİ | BULGUR ÇORBASI | PATATES SOTE | ETSİZ HAVUÇLU YEŞİL MERCİMEK,25.7,14.49,38.7,515.0,0.0,40.0,100.0,True,66.8676,5,1500.0,2300.0,True,2267.764,1,user_gamma_3991,False,0
SPEA2,60,PATATESLİ YUFKA BÖREĞİ,170.0,300.0,True,264.6753,6,False,2000.0,2400.0,True,2089.5732,user1_spea2_nodiversity,20.0,9999.0,True,25.1443,7,0,343 328 138 354 197 348,SEBZE GARNİTÜR (HAŞLANMIŞ) LD | PİRİNÇLİ HAVUÇ ÇORBASI | CEVİZLİ TEL KADAYIF | SOSLU MAKARNA | EZOGELİN ÇORBASI LD | SEBZELİ HİNDİ ROSTO KÖFTE,31.2,17.65,42.4,435.0,0.0,40.0,100.0,True,77.3141,6,1500.0,2300.0,True,1576.415,1,user_gamma_3991,False,0
SPEA2,25 39 29 44 31,HAVUÇ SUYU | KREP | INCİR REÇELİ | LOR PEYNİRİ | ISPANAKLI KOL BÖREĞİ,170.0,300.0,True,249.2262,9,False,2000.0,2400.0,True,2278.096,user1_spea2_nodiversity,20.0,9999.0,True,38.7183,9,0,196 285 172 258,ETSİZ TÜRLÜ | MALTA ERİĞİ | ETSİZ BARBUNYA | KIYMALI KABAK DOLMASI,34.0,21.67,46.2,440.0,0.0,40.0,100.0,True,67.108,7,1500.0,2300.0,True,1702.717,1,user_gamma_3991,False,0
SPEA2,45 18 35 93 23 85,MAKARNA SALATASI | ELMA SUYU | KAYISI SUYU | YOĞURT B | HAŞLANMIŞ YUMURTA | TAVADA YUMURTA,170.0,300.0,True,216.9288,8,False,2000.0,2400.0,True,2020.359,user1_spea2_nodiversity,20.0,9999.0,True,22.5375,10,0,185 126 368 302,ETSİZ KEREVİZ | BROKOLİ SALATASI LD | TAS KEBABI | MUZ,28.5,21.3,38.7,281.0,0.0,40.0,100.0,True,88.3138,8,1500.0,2300.0,True,1723.912,1,user_gamma_3991,False,0
SPEA2,45 18 35 93 23 85,MAKARNA SALATASI | ELMA SUYU | KAYISI SUYU | YOĞURT B | HAŞLANMIŞ YUMURTA | TAVADA YUMURTA,170.0,300.0,True,216.9288,8,False,2000.0,2400.0,True,2020.359,user1_spea2_nodiversity,20.0,9999.0,True,22.5375,10,0,185 126 368 302,ETSİZ KEREVİZ | BROKOLİ SALATASI LD | TAS KEBABI | MUZ,28.5,21.3,38.7,281.0,0.0,40.0,100.0,True,88.3138,9,1500.0,2300.0,True,1723.912,1,user_gamma_3991,False,0
SPEA2,34 81 52 3 74 93,KARNABAHAR SALATASI | ŞEFTALİ SUYU | ÖRGÜ PEYNİRİ | AYVA REÇELİ | SEMİZOTU SALATASI | YOĞURT B,170.0,300.0,True,243.8092,8,False,2000.0,2400.0,True,2046.8322,user1_spea2_nodiversity,20.0,9999.0,True,26.6727,10,0,250 218 188 394,KAVUN | HAZIR PAKETLİ SÜTLÜ TATLI-FINDIKLI KREM ŞOKOLA | ETSİZ NOHUT | YOĞURTLU PAZI,38.9,21.51,36.1,145.0,0.0,40.0,100.0,True,70.3527,10,1500.0,2300.0,True,1614.4517,1,user_gamma_3991,False,0
SPEA2,34 81 52 3 74 93,KARNABAHAR SALATASI | ŞEFTALİ SUYU | ÖRGÜ PEYNİRİ | AYVA REÇELİ | SEMİZOTU SALATASI | YOĞURT B,170.0,300.0,True,243.8092,8,False,2000.0,2400.0,True,2046.8322,user1_spea2_nodiversity,20.0,9999.0,True,26.6727,10,0,250 218 188 394,KAVUN | HAZIR PAKETLİ SÜTLÜ TATLI-FINDIKLI KREM ŞOKOLA | ETSİZ NOHUT | YOĞURTLU PAZI,38.9,21.51,36.1,145.0,0.0,40.0,100.0,True,70.3527,11,1500.0,2300.0,True,1614.4517,1,user_gamma_3991,False,0
SPEA2,45 18 35 93 23 85,MAKARNA SALATASI | ELMA SUYU | KAYISI SUYU | YOĞURT B | HAŞLANMIŞ YUMURTA | TAVADA YUMURTA,170.0,300.0,True,216.9288,8,False,2000.0,2400.0,True,2020.359,user1_spea2_nodiversity,20.0,9999.0,True,22.5375,10,0,185 126 368 302,ETSİZ KEREVİZ | BROKOLİ SALATASI LD | TAS KEBABI | MUZ,28.5,21.3,38.7,281.0,0.0,40.0,100.0,True,88.3138,12,1500.0,2300.0,True,1723.912,1,user_gamma_3991,False,0
SPEA2,45 18 35 93 23 85,MAKARNA SALATASI | ELMA SUYU | KAYISI SUYU | YOĞURT B | HAŞLANMIŞ YUMURTA | TAVADA YUMURTA,170.0,300.0,True,216.9288,8,False,2000.0,2400.0,True,2020.359,user1_spea2_nodiversity,20.0,9999.0,True,22.5375,10,0,185 126 368 302,ETSİZ KEREVİZ | BROKOLİ SALATASI LD | TAS KEBABI | MUZ,28.5,21.3,38.7,281.0,0.0,40.0,100.0,True,88.3138,13,1500.0,2300.0,True,1723.912,1,user_gamma_3991,False,0
SPEA2,25 39 29 44 31,HAVUÇ SUYU | KREP | INCİR REÇELİ | LOR PEYNİRİ | ISPANAKLI KOL BÖREĞİ,170.0,300.0,True,249.2262,9,False,2000.0,2400.0,True,2278.096,user1_spea2_nodiversity,20.0,9999.0,True,38.7183,9,0,196 285 172 258,ETSİZ TÜRLÜ | MALTA ERİĞİ | ETSİZ BARBUNYA | KIYMALI KABAK DOLMASI,34.0,21.67,46.2,440.0,0.0,40.0,100.0,True,67.108,14,1500.0,2300.0,True,1702.717,1,user_gamma_3991,False,0
SPEA2,34 81 52 3 74 93,KARNABAHAR SALATASI | ŞEFTALİ SUYU | ÖRGÜ PEYNİRİ | AYVA REÇELİ | SEMİZOTU SALATASI | YOĞURT B,170.0,300.0,True,243.8092,8,False,2000.0,2400.0,True,2046.8322,user1_spea2_nodiversity,20.0,9999.0,True,26.6727,10,0,250 218 188 394,KAVUN | HAZIR PAKETLİ SÜTLÜ TATLI-FINDIKLI KREM ŞOKOLA | ETSİZ NOHUT | YOĞURTLU PAZI,38.9,21.51,36.1,145.0,0.0,40.0,100.0,True,70.3527,15,1500.0,2300.0,True,1614.4517,1,user_gamma_3991,False,0
SPEA2,34 81 52 3 74 93,KARNABAHAR SALATASI | ŞEFTALİ SUYU | ÖRGÜ PEYNİRİ | AYVA REÇELİ | SEMİZOTU SALATASI | YOĞURT B,170.0,300.0,True,243.8092,8,False,2000.0,2400.0,True,2046.8322,user1_spea2_nodiversity,20.0,9999.0,True,26.6727,10,0,250 218 188 394,KAVUN | HAZIR PAKETLİ SÜTLÜ TATLI-FINDIKLI KREM ŞOKOLA | ETSİZ NOHUT | YOĞURTLU PAZI,38.9,21.51,36.1,145.0,0.0,40.0,100.0,True,70.3527,16,1500.0,2300.0,True,1614.4517,1,user_gamma_3991,False,0
SPEA2,34 81 52 3 74 93,KARNABAHAR SALATASI | ŞEFTALİ SUYU | ÖRGÜ PEYNİRİ | AYVA REÇELİ | SEMİZOTU SALATASI | YOĞURT B,170.0,300.0,True,243.8092,8,False,2000.0,2400.0,True,2046.8322,user1_spea2_nodiversity,20.0,9999.0,True,26.6727,10,0,250 218 188 394,KAVUN | HAZIR PAKETLİ SÜTLÜ TATLI-FINDIKLI KREM ŞOKOLA | ETSİZ NOHUT | YOĞURTLU PAZI,38.9,21.51,36.1,145.0,0.0,40.0,100.0,True,70.3527,17,1500.0,2300.0,True,1614.4517,1,user_gamma_3991,False,0
SPEA2,34 81 52 3 74 93,KARNABAHAR SALATASI | ŞEFTALİ SUYU | ÖRGÜ PEYNİRİ | AYVA REÇELİ | SEMİZOTU SALATASI | YOĞURT B,170.0,300.0,True,243.8092,8,False,2000.0,2400.0,True,2046.8322,user1_spea2_nodiversity,20.0,9999.0,True,26.6727,10,0,250 218 188 394,KAVUN | HAZIR PAKETLİ SÜTLÜ TATLI-FINDIKLI KREM ŞOKOLA | ETSİZ NOHUT | YOĞURTLU PAZI,38.9,21.51,36.1,145.0,0.0,40.0,100.0,True,70.3527,18,1500.0,2300.0,True,1614.4517,1,user_gamma_3991,False,0
SPEA2,34 81 52 3 74 93,KARNABAHAR SALATASI | ŞEFTALİ SUYU | ÖRGÜ PEYNİRİ | AYVA REÇELİ | SEMİZOTU SALATASI | YOĞURT B,170.0,300.0,True,243.8092,8,False,2000.0,2400.0,True,2046.8322,user1_spea2_nodiversity,20.0,9999.0,True,26.6727,10,0,250 218 188 394,KAVUN | HAZIR PAKETLİ SÜTLÜ TATLI-FINDIKLI KREM ŞOKOLA | ETSİZ NOHUT | YOĞURTLU PAZI,38.9,21.51,36.1,145.0,0.0,40.0,100.0,True,70.3527,19,1500.0,2300.0,True,1614.4517,1,user_gamma_3991,False,0
SPEA2,45 18 35 93 23 85,MAKARNA SALATASI | ELMA SUYU | KAYISI SUYU | YOĞURT B | HAŞLANMIŞ YUMURTA | TAVADA YUMURTA,170.0,300.0,True,216.9288,8,False,2000.0,2400.0,True,2020.359,user1_spea2_nodiversity,20.0,9999.0,True,22.5375,10,0,185 126 368 302,ETSİZ KEREVİZ | BROKOLİ SALATASI LD | TAS KEBABI | MUZ,28.5,21.3,38.7,281.0,0.0,40.0,100.0,True,88.3138,20,1500.0,2300.0,True,1723.912,1,user_gamma_3991,False,0
NSGA-II,11 86 28 56,ÇİKOLATALI YULAF GEVREĞİ | ÜZÜM PEKMEZİ | HİNDİ SALAMI | PATATES SALATASI,170.0,300.0,True,176.1182,5,True,2000.0,2400.0,True,2338.5773,user1_nsgaii_diversity,20.0,9999.0,True,27.9664,6,0,306 258,ORMAN  KEBABI | KIYMALI KABAK DOLMASI,32.3,17.03,31.4,233.0,0.055917,40.0,100.0,False,101.1834,1,1500.0,2300.0,True,1567.326,1,user_gamma_3991,False,1
NSGA-II,11 86 28 56,ÇİKOLATALI YULAF GEVREĞİ | ÜZÜM PEKMEZİ | HİNDİ SALAMI | PATATES SALATASI,170.0,300.0,True,176.1182,5,True,2000.0,2400.0,True,2338.5773,user1_nsgaii_diversity,20.0,9999.0,True,27.9664,6,0,306 258,ORMAN  KEBABI | KIYMALI KABAK DOLMASI,32.3,17.03,31.4,233.0,0.055917,40.0,100.0,False,101.1834,2,1500.0,2300.0,True,1567.326,1,user_gamma_3991,False,1
NSGA-II,11 86 28 56,ÇİKOLATALI YULAF GEVREĞİ | ÜZÜM PEKMEZİ | HİNDİ SALAMI | PATATES SALATASI,170.0,300.0,True,176.1182,5,True,2000.0,2400.0,True,2338.5773,user1_nsgaii_diversity,20.0,9999.0,True,27.9664,6,0,306 258,ORMAN  KEBABI | KIYMALI KABAK DOLMASI,32.3,17.03,31.4,233.0,0.055917,40.0,100.0,False,101.1834,3,1500.0,2300.0,True,1567.326,1,user_gamma_3991,False,1
NSGA-II,85 78 14 8 44 27,TAVADA YUMURTA | SOSİSLİ MİLFÖY BÖREĞİ | DİL PEYNİRİ | BROKOLİ SALATASI | LOR PEYNİRİ | HAZIR PAKETLİ TATLI-TAHİN HELVASI,170.0,300.0,True,238.5798,9,True,2000.0,2400.0,True,2017.3905,user1_nsgaii_diversity,20.0,9999.0,False,18.5015,10,0,328 346 257 114,PİRİNÇLİ HAVUÇ ÇORBASI | SEBZELİ BULGUR PİLAVI | KIYMALI ISPANAK | AYVA TATLISI,40.8,15.75,40.7,305.0,0.027883,40.0,100.0,True,65.9339,4,1500.0,2300.0,True,2153.9739,1,user_gamma_3991,False,1
NSGA-II,85 78 14 8 44 27,TAVADA YUMURTA | SOSİSLİ MİLFÖY BÖREĞİ | DİL PEYNİRİ | BROKOLİ SALATASI | LOR PEYNİRİ | HAZIR PAKETLİ TATLI-TAHİN HELVASI,170.0,300.0,True,238.5798,9,True,2000.0,2400.0,True,2017.3905,user1_nsgaii_diversity,20.0,9999.0,False,18.5015,10,0,328 346 257 114,PİRİNÇLİ HAVUÇ ÇORBASI | SEBZELİ BULGUR PİLAVI | KIYMALI ISPANAK | AYVA TATLISI,40.8,15.75,40.7,305.0,0.027883,40.0,100.0,True,65.9339,5,1500.0,2300.0,True,2153.9739,1,user_gamma_3991,False,1
NSGA-II,85 78 14 8 44 27,TAVADA YUMURTA | SOSİSLİ MİLFÖY BÖREĞİ | DİL PEYNİRİ | BROKOLİ SALATASI | LOR PEYNİRİ | HAZIR PAKETLİ TATLI-TAHİN HELVASI,170.0,300.0,True,238.5798,9,True,2000.0,2400.0,True,2017.3905,user1_nsgaii_diversity,20.0,9999.0,False,18.5015,10,0,328 346 257 114,PİRİNÇLİ HAVUÇ ÇORBASI | SEBZELİ BULGUR PİLAVI | KIYMALI ISPANAK | AYVA TATLISI,40.8,15.75,40.7,305.0,0.027883,40.0,100.0,True,65.9339,6,1500.0,2300.0,True,2153.9739,1,user_gamma_3991,False,1
NSGA-II,94 42 6 79 67,YULAF GEVREĞİ | KUŞBURNU MARMELATI | BEYAZ PEYNIR | SÜT | PORTAKAL SUYU,170.0,300.0,True,247.5332,10,True,2000.0,2400.0,True,2061.344,user1_nsgaii_diversity,20.0,9999.0,True,31.9785,12,0,264 307 396 155 280 175 190,KİRAZ | OSMANLI ÇORBASI | ZEYTİNYAĞLI BEZELYE | EKMEK LD | KÜP PATATES KIZARTMASI | ETSİZ BROKOLİ | ETSİZ PATATES OTURTMASI,41.9,20.12,57.6,318.0,0.025,40.0,100.0,True,58.508,7,1500.0,2300.0,True,1859.3,1,user_gamma_3991,False,0
NSGA-II,94 42 6 79 67,YULAF GEVREĞİ | KUŞBURNU MARMELATI | BEYAZ PEYNIR | SÜT | PORTAKAL SUYU,170.0,300.0,True,247.5332,10,True,2000.0,2400.0,True,2061.344,user1_nsgaii_diversity,20.0,9999.0,True,31.9785,12,0,264 307 396 155 280 175 190,KİRAZ | OSMANLI ÇORBASI | ZEYTİNYAĞLI BEZELYE | EKMEK LD | KÜP PATATES KIZARTMASI | ETSİZ BROKOLİ | ETSİZ PATATES OTURTMASI,41.9,20.12,57.6,318.0,0.025,40.0,100.0,True,58.508,8,1500.0,2300.0,True,1859.3,1,user_gamma_3991,False,0
NSGA-II,85 78 14 8 19 27,TAVADA YUMURTA | SOSİSLİ MİLFÖY BÖREĞİ | DİL PEYNİRİ | BROKOLİ SALATASI | ERZİNCAN ÇORBASI | HAZIR PAKETLİ TATLI-TAHİN HELVASI,170.0,300.0,True,249.9062,10,True,2000.0,2400.0,True,2140.1825,user1_nsgaii_diversity,20.0,9999.0,False,19.2185,10,0,328 346 257 114,PİRİNÇLİ HAVUÇ ÇORBASI | SEBZELİ BULGUR PİLAVI | KIYMALI ISPANAK | AYVA TATLISI,37.5,17.23,38.2,380.0,0.025055,40.0,100.0,True,70.8731,9,1500.0,2300.0,True,2271.3629,1,user_gamma_3991,False,1
NSGA-II,85 78 14 8 19 27,TAVADA YUMURTA | SOSİSLİ MİLFÖY BÖREĞİ | DİL PEYNİRİ | BROKOLİ SALATASI | ERZİNCAN ÇORBASI | HAZIR PAKETLİ TATLI-TAHİN HELVASI,170.0,300.0,True,249.9062,10,True,2000.0,2400.0,True,2140.1825,user1_nsgaii_diversity,20.0,9999.0,False,19.2185,10,0,328 346 257 114,PİRİNÇLİ HAVUÇ ÇORBASI | SEBZELİ BULGUR PİLAVI | KIYMALI ISPANAK | AYVA TATLISI,37.5,17.23,38.2,380.0,0.025055,40.0,100.0,True,70.8731,10,1500.0,2300.0,True,2271.3629,1,user_gamma_3991,False,1
NSGA-II,85 78 14 8 19 27,TAVADA YUMURTA | SOSİSLİ MİLFÖY BÖREĞİ | DİL PEYNİRİ | BROKOLİ SALATASI | ERZİNCAN ÇORBASI | HAZIR PAKETLİ TATLI-TAHİN HELVASI,170.0,300.0,True,249.9062,10,True,2000.0,2400.0,True,2140.1825,user1_nsgaii_diversity,20.0,9999.0,False,19.2185,10,0,328 346 257 114,PİRİNÇLİ HAVUÇ ÇORBASI | SEBZELİ BULGUR PİLAVI | KIYMALI ISPANAK | AYVA TATLISI,37.5,17.23,38.2,380.0,0.025055,40.0,100.0,True,70.8731,11,1500.0,2300.0,True,2271.3629,1,user_gamma_3991,False,1
NSGA-II,85 78 14 8 19 27,TAVADA YUMURTA | SOSİSLİ MİLFÖY BÖREĞİ | DİL PEYNİRİ | BROKOLİ SALATASI | ERZİNCAN ÇORBASI | HAZIR PAKETLİ TATLI-TAHİN HELVASI,170.0,300.0,True,249.9062,10,True,2000.0,2400.0,True,2140.1825,user1_nsgaii_diversity,20.0,9999.0,False,19.2185,10,0,328 346 257 114,PİRİNÇLİ HAVUÇ ÇORBASI | SEBZELİ BULGUR PİLAVI | KIYMALI ISPANAK | AYVA TATLISI,37.5,17.23,38.2,380.0,0.025055,40.0,100.0,True,70.8731,12,1500.0,2300.0,True,2271.3629,1,user_gamma_3991,False,1
SPEA2,18 78 28 76 24 86 71,ELMA SUYU | SOSİSLİ MİLFÖY BÖREĞİ | HİNDİ SALAMI | SİYAH ZEYTIN | HAVUÇ SALATASI | ÜZÜM PEKMEZİ | SEBZELİ GÜL BÖREĞİ,170.0,300.0,True,227.9493,12,True,2000.0,2400.0,True,2153.4166,user1_spea2_diversity,20.0,9999.0,False,19.874,14,0,217 391 327 194 331 309 303,HAYDARİ | YOĞURTLU KARNABAHAR KIZARTMASI | PİRİNÇ PİLAVI | ETSİZ PİRİNÇLİ PIRASA | PORTAKAL SUYU LD | PARMAK PATATES KIZARTMASI | NOHUT ÇORBASI,45.8,21.72,65.5,495.0,0.020842,40.0,100.0,True,56.0584,1,1500.0,2300.0,True,2030.6363,1,user_gamma_3991,False,1
SPEA2,18 78 28 76 24 86 71,ELMA SUYU | SOSİSLİ MİLFÖY BÖREĞİ | HİNDİ SALAMI | SİYAH ZEYTIN | HAVUÇ SALATASI | ÜZÜM PEKMEZİ | SEBZELİ GÜL BÖREĞİ,170.0,300.0,True,227.9493,12,True,2000.0,2400.0,True,2153.4166,user1_spea2_diversity,20.0,9999.0,False,19.874,14,0,217 391 327 194 331 309 303,HAYDARİ | YOĞURTLU KARNABAHAR KIZARTMASI | PİRİNÇ PİLAVI | ETSİZ PİRİNÇLİ PIRASA | PORTAKAL SUYU LD | PARMAK PATATES KIZARTMASI | NOHUT ÇORBASI,45.8,21.72,65.5,495.0,0.020842,40.0,100.0,True,56.0584,2,1500.0,2300.0,True,2030.6363,1,user_gamma_3991,False,1
SPEA2,18 78 28 76 24 86 71,ELMA SUYU | SOSİSLİ MİLFÖY BÖREĞİ | HİNDİ SALAMI | SİYAH ZEYTIN | HAVUÇ SALATASI | ÜZÜM PEKMEZİ | SEBZELİ GÜL BÖREĞİ,170.0,300.0,True,227.9493,12,True,2000.0,2400.0,True,2153.4166,user1_spea2_diversity,20.0,9999.0,False,19.874,14,0,217 391 327 194 331 309 303,HAYDARİ | YOĞURTLU KARNABAHAR KIZARTMASI | PİRİNÇ PİLAVI | ETSİZ PİRİNÇLİ PIRASA | PORTAKAL SUYU LD | PARMAK PATATES KIZARTMASI | NOHUT ÇORBASI,45.8,21.72,65.5,495.0,0.020842,40.0,100.0,True,56.0584,3,1500.0,2300.0,True,2030.6363,1,user_gamma_3991,False,1
SPEA2,25 39 29 44 31,HAVUÇ SUYU | KREP | INCİR REÇELİ | LOR PEYNİRİ | ISPANAKLI KOL BÖREĞİ,170.0,300.0,True,249.2262,9,True,2000.0,2400.0,True,2278.096,user1_spea2_diversity,20.0,9999.0,True,38.7183,9,0,196 285 172 258,ETSİZ TÜRLÜ | MALTA ERİĞİ | ETSİZ BARBUNYA | KIYMALI KABAK DOLMASI,34.0,21.67,46.2,440.0,0.027778,40.0,100.0,True,67.108,4,1500.0,2300.0,True,1702.717,1,user_gamma_3991,False,0
SPEA2,18 78 28 76 24 86 71,ELMA SUYU | SOSİSLİ MİLFÖY BÖREĞİ | HİNDİ SALAMI | SİYAH ZEYTIN | HAVUÇ SALATASI | ÜZÜM PEKMEZİ | SEBZELİ GÜL BÖREĞİ,170.0,300.0,True,227.9493,12,True,2000.0,2400.0,True,2153.4166,user1_spea2_diversity,20.0,9999.0,False,19.874,14,0,217 391 327 194 331 309 303,HAYDARİ | YOĞURTLU KARNABAHAR KIZARTMASI | PİRİNÇ PİLAVI | ETSİZ PİRİNÇLİ PIRASA | PORTAKAL SUYU LD | PARMAK PATATES KIZARTMASI | NOHUT ÇORBASI,45.8,21.72,65.5,495.0,0.020842,40.0,100.0,True,56.0584,5,1500.0,2300.0,True,2030.6363,1,user_gamma_3991,False,1
SPEA2,45 18 35 93 23 85,MAKARNA SALATASI | ELMA SUYU | KAYISI SUYU | YOĞURT B | HAŞLANMIŞ YUMURTA | TAVADA YUMURTA,170.0,300.0,True,216.9288,8,True,2000.0,2400.0,True,2020.359,user1_spea2_diversity,20.0,9999.0,True,22.5375,10,0,185 126 368 302,ETSİZ KEREVİZ | BROKOLİ SALATASI LD | TAS KEBABI | MUZ,28.5,21.3,38.7,281.0,0.03125,40.0,100.0,True,88.3138,6,1500.0,2300.0,True,1723.912,1,user_gamma_3991,False,0
SPEA2,45 18 35 93 23 85,MAKARNA SALATASI | ELMA SUYU | KAYISI SUYU | YOĞURT B | HAŞLANMIŞ YUMURTA | TAVADA YUMURTA,170.0,300.0,True,216.9288,8,True,2000.0,2400.0,True,2020.359,user1_spea2_diversity,20.0,9999.0,True,22.5375,10,0,185 126 368 302,ETSİZ KEREVİZ | BROKOLİ SALATASI LD | TAS KEBABI | MUZ,28.5,21.3,38.7,281.0,0.03125,40.0,100.0,True,88.3138,7,1500.0,2300.0,True,1723.912,1,user_gamma_3991,False,0
SPEA2,34 81 52 3 74 93,KARNABAHAR SALATASI | ŞEFTALİ SUYU | ÖRGÜ PEYNİRİ | AYVA REÇELİ | SEMİZOTU SALATASI | YOĞURT B,170.0,300.0,True,243.8092,8,True,2000.0,2400.0,True,2046.8322,user1_spea2_diversity,20.0,9999.0,True,26.6727,10,0,250 218 188 394,KAVUN | HAZIR PAKETLİ SÜTLÜ TATLI-FINDIKLI KREM ŞOKOLA | ETSİZ NOHUT | YOĞURTLU PAZI,38.9,21.51,36.1,145.0,0.03125,40.0,100.0,True,70.3527,8,1500.0,2300.0,True,1614.4517,1,user_gamma_3991,False,0
SPEA2,34 81 52 3 74 93,KARNABAHAR SALATASI | ŞEFTALİ SUYU | ÖRGÜ PEYNİRİ | AYVA REÇELİ | SEMİZOTU SALATASI | YOĞURT B,170.0,300.0,True,243.8092,8,True,2000.0,2400.0,True,2046.8322,user1_spea2_diversity,20.0,9999.0,True,26.6727,10,0,250 218 188 394,KAVUN | HAZIR PAKETLİ SÜTLÜ TATLI-FINDIKLI KREM ŞOKOLA | ETSİZ NOHUT | YOĞURTLU PAZI,38.9,21.51,36.1,145.0,0.03125,40.0,100.0,True,70.3527,9,1500.0,2300.0,True,1614.4517,1,user_gamma_3991,False,0
SPEA2,45 18 35 93 23 85,MAKARNA SALATASI | ELMA SUYU | KAYISI SUYU | YOĞURT B | HAŞLANMIŞ YUMURTA | TAVADA YUMURTA,170.0,300.0,True,216.9288,8,True,2000.0,2400.0,True,2020.359,user1_spea2_diversity,20.0,9999.0,True,22.5375,10,0,185 126 368 302,ETSİZ KEREVİZ | BROKOLİ SALATASI LD | TAS KEBABI | MUZ,28.5,21.3,38.7,281.0,0.03125,40.0,100.0,True,88.3138,10,1500.0,2300.0,True,1723.912,1,user_gamma_3991,False,0
SPEA2,45 18 35 93 23 85,MAKARNA SALATASI | ELMA SUYU | KAYISI SUYU | YOĞURT B | HAŞLANMIŞ YUMURTA | TAVADA YUMURTA,170.0,300.0,True,216.9288,8,True,2000.0,2400.0,True,2020.359,user1_spea2_diversity,20.0,9999.0,True,22.5375,10,0,185 126 368 302,ETSİZ KEREVİZ | BROKOLİ SALATASI LD | TAS KEBABI | MUZ,28.5,21.3,38.7,281.0,0.03125,40.0,100.0,True,88.3138,11,1500.0,2300.0,True,1723.912,1,user_gamma_3991,False,0
SPEA2,18 78 28 76 24 86 71,ELMA SUYU | SOSİSLİ MİLFÖY BÖREĞİ | HİNDİ SALAMI | SİYAH ZEYTIN | HAVUÇ SALATASI | ÜZÜM PEKMEZİ | SEBZELİ GÜL BÖREĞİ,170.0,300.0,True,227.9493,12,True,2000.0,2400.0,True,2153.4166,user1_spea2_diversity,20.0,9999.0,False,19.874,14,0,217 391 327 194 331 309 303,HAYDARİ | YOĞURTLU KARNABAHAR KIZARTMASI | PİRİNÇ PİLAVI | ETSİZ PİRİNÇLİ PIRASA | PORTAKAL SUYU LD | PARMAK PATATES KIZARTMASI | NOHUT ÇORBASI,45.8,21.72,65.5,495.0,0.020842,40.0,100.0,True,56.0584,12,1500.0,2300.0,True,2030.6363,1,user_gamma_3991,False,1
SPEA2,25 39 29 44 31,HAVUÇ SUYU | KREP | INCİR REÇELİ | LOR PEYNİRİ | ISPANAKLI KOL BÖREĞİ,170.0,300.0,True,249.2262,9,True,2000.0,2400.0,True,2278.096,user1_spea2_diversity,20.0,9999.0,True,38.7183,9,0,196 285 172 258,ETSİZ TÜRLÜ | MALTA ERİĞİ | ETSİZ BARBUNYA | KIYMALI KABAK DOLMASI,34.0,21.67,46.2,440.0,0.027778,40.0,100.0,True,67.108,13,1500.0,2300.0,True,1702.717,1,user_gamma_3991,False,0
SPEA2,34 81 52 3 74 93,KARNABAHAR SALATASI | ŞEFTALİ SUYU | ÖRGÜ PEYNİRİ | AYVA REÇELİ | SEMİZOTU SALATASI | YOĞURT B,170.0,300.0,True,243.8092,8,True,2000.0,2400.0,True,2046.8322,user1_spea2_diversity,20.0,9999.0,True,26.6727,10,0,250 218 188 394,KAVUN | HAZIR PAKETLİ SÜTLÜ TATLI-FINDIKLI KREM ŞOKOLA | ETSİZ NOHUT | YOĞURTLU PAZI,38.9,21.51,36.1,145.0,0.03125,40.0,100.0,True,70.3527,14,1500.0,2300.0,True,1614.4517,1,user_gamma_3991,False,0
SPEA2,34 81 52 3 74 93,KARNABAHAR SALATASI | ŞEFTALİ SUYU | ÖRGÜ PEYNİRİ | AYVA REÇELİ | SEMİZOTU SALATASI | YOĞURT B,170.0,300.0,True,243.8092,8,True,2000.0,2400.0,True,2046.8322,user1_spea2_diversity,20.0,9999.0,True,26.6727,10,0,250 218 188 394,KAVUN | HAZIR PAKETLİ SÜTLÜ TATLI-FINDIKLI KREM ŞOKOLA | ETSİZ NOHUT | YOĞURTLU PAZI,38.9,21.51,36.1,145.0,0.03125,40.0,100.0,True,70.3527,15,1500.0,2300.0,True,1614.4517,1,user_gamma_3991,False,0
SPEA2,34 81 52 3 74 93,KARNABAHAR SALATASI | ŞEFTALİ SUYU | ÖRGÜ PEYNİRİ | AYVA REÇELİ | SEMİZOTU SALATASI | YOĞURT B,170.0,300.0,True,243.8092,8,True,2000.0,2400.0,True,2046.8322,user1_spea2_diversity,20.0,9999.0,True,26.6727,10,0,250 218 188 394,KAVUN | HAZIR PAKETLİ SÜTLÜ TATLI-FINDIKLI KREM ŞOKOLA | ETSİZ NOHUT | YOĞURTLU PAZI,38.9,21.51,36.1,145.0,0.03125,40.0,100.0,True,70.3527,16,1500.0,2300.0,True,1614.4517,1,user_gamma_3991,False,0
SPEA2,34 81 52 3 74 93,KARNABAHAR SALATASI | ŞEFTALİ SUYU | ÖRGÜ PEYNİRİ | AYVA REÇELİ | SEMİZOTU SALATASI | YOĞURT B,170.0,300.0,True,243.8092,8,True,2000.0,2400.0,True,2046.8322,user1_spea2_diversity,20.0,9999.0,True,26.6727,10,0,250 218 188 394,KAVUN | HAZIR PAKETLİ SÜTLÜ TATLI-FINDIKLI KREM ŞOKOLA | ETSİZ NOHUT | YOĞURTLU PAZI,38.9,21.51,36.1,145.0,0.03125,40.0,100.0,True,70.3527,17,1500.0,2300.0,True,1614.4517,1,user_gamma_3991,False,0
SPEA2,34 81 52 3 74 93,KARNABAHAR SALATASI | ŞEFTALİ SUYU | ÖRGÜ PEYNİRİ | AYVA REÇELİ | SEMİZOTU SALATASI | YOĞURT B,170.0,300.0,True,243.8092,8,True,2000.0,2400.0,True,2046.8322,user1_spea2_diversity,20.0,9999.0,True,26.6727,10,0,250 218 188 394,KAVUN | HAZIR PAKETLİ SÜTLÜ TATLI-FINDIKLI KREM ŞOKOLA | ETSİZ NOHUT | YOĞURTLU PAZI,38.9,21.51,36.1,145.0,0.03125,40.0,100.0,True,70.3527,18,1500.0,2300.0,True,1614.4517,1,user_gamma_3991,False,0
SPEA2,18 78 28 76 24 86 71,ELMA SUYU | SOSİSLİ MİLFÖY BÖREĞİ | HİNDİ SALAMI | SİYAH ZEYTIN | HAVUÇ SALATASI | ÜZÜM PEKMEZİ | SEBZELİ GÜL BÖREĞİ,170.0,300.0,True,227.9493,12,True,2000.0,2400.0,True,2153.4166,user1_spea2_diversity,20.0,9999.0,False,19.874,14,0,217 391 327 194 331 309 303,HAYDARİ | YOĞURTLU KARNABAHAR KIZARTMASI | PİRİNÇ PİLAVI | ETSİZ PİRİNÇLİ PIRASA | PORTAKAL SUYU LD | PARMAK PATATES KIZARTMASI | NOHUT ÇORBASI,45.8,21.72,65.5,495.0,0.020842,40.0,100.0,True,56.0584,19,1500.0,2300.0,True,2030.6363,1,user_gamma_3991,False,1
SPEA2,18 78 28 76 24 86 71,ELMA SUYU | SOSİSLİ MİLFÖY BÖREĞİ | HİNDİ SALAMI | SİYAH ZEYTIN | HAVUÇ SALATASI | ÜZÜM PEKMEZİ | SEBZELİ GÜL BÖREĞİ,170.0,300.0,True,227.9493,12,True,2000.0,2400.0,True,2153.4166,user1_spea2_diversity,20.0,9999.0,False,19.874,14,0,217 391 327 194 331 309 303,HAYDARİ | YOĞURTLU KARNABAHAR KIZARTMASI | PİRİNÇ PİLAVI | ETSİZ PİRİNÇLİ PIRASA | PORTAKAL SUYU LD | PARMAK PATATES KIZARTMASI | NOHUT ÇORBASI,45.8,21.72,65.5,495.0,0.020842,40.0,100.0,True,56.0584,20,1500.0,2300.0,True,2030.6363,1,user_gamma_3991,False,1
NSGA-II,11 48 25,ÇİKOLATALI YULAF GEVREĞİ | MEVSİM SALATASI | HAVUÇ SUYU,170.0,300.0,True,234.253,5,False,2000.0,2400.0,True,2243.7346,user2_nsgaii_nodiversity,20.0,9999.0,True,26.3566,7,0,132 95 243 130,CACIK LD | AKDENİZ SALATASI LD | KABAK TARATOR | BÜLBÜL YUVASI,14.0,13.9,55.1,183.0,0.0,40.0,100.0,True,47.6588,1,1500.0,2300.0,True,1715.3899,2,user_orbit_1740,True,0
NSGA-II,59 44 76 92,PATATESLİ MİLFÖY BÖREĞİ | LOR PEYNİRİ | SİYAH ZEYTIN | YEŞİL ZEYTIN,170.0,300.0,True,281.4675,8,False,2000.0,2400.0,True,2173.6032,user2_nsgaii_nodiversity,20.0,9999.0,True,38.4187,9,0,318 317 160 378 302,PEYNİRLİ MAKARNA | PEYNİRLİ AKDENİZ SALATASI LD | ELMA SUYU LD | YAZ KURU FASULYESİ | MUZ,31.0,10.96,51.0,210.0,0.0,40.0,100.0,True,49.1512,2,1500.0,2300.0,True,2263.847,2,user_orbit_1740,True,0
NSGA-II,59 44 76 92,PATATESLİ MİLFÖY BÖREĞİ | LOR PEYNİRİ | SİYAH ZEYTIN | YEŞİL ZEYTIN,170.0,300.0,True,281.4675,8,False,2000.0,2400.0,True,2173.6032,user2_nsgaii_nodiversity,20.0,9999.0,True,38.4187,9,0,318 317 160 378 302,PEYNİRLİ MAKARNA | PEYNİRLİ AKDENİZ SALATASI LD | ELMA SUYU LD | YAZ KURU FASULYESİ | MUZ,31.0,10.96,51.0,210.0,0.0,40.0,100.0,True,49.1512,3,1500.0,2300.0,True,2263.847,2,user_orbit_1740,True,0
NSGA-II,59 44 76 92,PATATESLİ MİLFÖY BÖREĞİ | LOR PEYNİRİ | SİYAH ZEYTIN | YEŞİL ZEYTIN,170.0,300.0,True,281.4675,8,False,2000.0,2400.0,True,2173.6032,user2_nsgaii_nodiversity,20.0,9999.0,True,38.4187,9,0,318 317 160 378 302,PEYNİRLİ MAKARNA | PEYNİRLİ AKDENİZ SALATASI LD | ELMA SUYU LD | YAZ KURU FASULYESİ | MUZ,31.0,10.96,51.0,210.0,0.0,40.0,100.0,True,49.1512,4,1500.0,2300.0,True,2263.847,2,user_orbit_1740,True,0
NSGA-II,3 94 72,AYVA REÇELİ | YULAF GEVREĞİ | SEBZELİ KOL BÖREĞİ,170.0,300.0,True,284.7754,9,False,2000.0,2400.0,True,2374.5685,user2_nsgaii_nodiversity,20.0,9999.0,True,23.3328,11,0,318 360 265 297 280 152 395 300,PEYNİRLİ MAKARNA | ŞAKŞUKA | KİVİ | MEVSİM SALATASI LD | KÜP PATATES KIZARTMASI | DOMATESLİ MAKARNA | YOĞURTLU SEMİZOTU | MISIRLI AYRAN ÇORBASI,15.7,15.39,70.7,353.0,0.0,40.0,100.0,True,71.2139,5,1500.0,2300.0,True,1645.5128,2,user_orbit_1740,True,0
NSGA-II,69 34 16 14 26 51,ROKA SALATASI | KARNABAHAR SALATASI | EKMEK | DİL PEYNİRİ | HAVUÇ-TURP SALATASI | NARLI KAHVALTI SALATASI,170.0,300.0,True,213.6649,8,False,2000.0,2400.0,True,2033.3269,user2_nsgaii_nodiversity,20.0,9999.0,True,21.4753,12,0,379 108 404 312 117 300,YER FISTIKLI İRMİK HELVASI | ARPA ŞEHRİYE PİLAVI | ZEYTİNYAĞLI SEMİZOTU | PATATES PÜRESİ | BAHARATLI ELMA DİLİM PATATES KIZARTMASI | MISIRLI AYRAN ÇORBASI,35.7,15.33,75.2,410.0,0.0,40.0,100.0,True,61.9494,6,1500.0,2300.0,True,2292.7782,2,user_orbit_1740,True,0
NSGA-II,69 34 16 14 26 51,ROKA SALATASI | KARNABAHAR SALATASI | EKMEK | DİL PEYNİRİ | HAVUÇ-TURP SALATASI | NARLI KAHVALTI SALATASI,170.0,300.0,True,213.6649,8,False,2000.0,2400.0,True,2033.3269,user2_nsgaii_nodiversity,20.0,9999.0,True,21.4753,12,0,379 108 404 312 117 300,YER FISTIKLI İRMİK HELVASI | ARPA ŞEHRİYE PİLAVI | ZEYTİNYAĞLI SEMİZOTU | PATATES PÜRESİ | BAHARATLI ELMA DİLİM PATATES KIZARTMASI | MISIRLI AYRAN ÇORBASI,35.7,15.33,75.2,410.0,0.0,40.0,100.0,True,61.9494,7,1500.0,2300.0,True,2292.7782,2,user_orbit_1740,True,0
NSGA-II,3 8 43 14 92 18 24,AYVA REÇELİ | BROKOLİ SALATASI | KÜP PATATES KIZARTMASI B | DİL PEYNİRİ | YEŞİL ZEYTIN | ELMA SUYU | HAVUÇ SALATASI,170.0,300.0,True,244.6721,9,False,2000.0,2400.0,True,2082.3966,user2_nsgaii_nodiversity,20.0,9999.0,False,19.6605,12,0,369 130 338 296 282,TEL ŞEHRİYE ÇORBASI | BÜLBÜL YUVASI | SALÇALI MAKARNA | MERCİMEK ÇORBASI LD | MAHLUTA ÇORBASI,44.4,13.52,81.5,460.0,2.4e-05,40.0,100.0,True,40.7621,8,1500.0,2300.0,True,1710.4753,2,user_orbit_1740,True,1
NSGA-II,63 35 89 40,PEYNİRLİ GÜL BÖREĞİ | KAYISI SUYU | YABAN MERSİNİ MARMELATI | KRUVASAN,170.0,300.0,True,236.6025,8,False,2000.0,2400.0,True,2018.0044,user2_nsgaii_nodiversity,20.0,9999.0,True,26.1402,12,0,212 343 307 99 354 129 113 132,HAVUÇ SALATASI LD | SEBZE GARNİTÜR (HAŞLANMIŞ) LD | OSMANLI ÇORBASI | ANDALOZ ÇORBASI | SOSLU MAKARNA | BULGUR PİLAVI | AYVA | CACIK LD,43.4,21.87,86.8,495.0,0.0,40.0,100.0,True,57.6551,9,1500.0,2300.0,True,1700.2446,2,user_orbit_1740,True,0
NSGA-II,63 35 89 40,PEYNİRLİ GÜL BÖREĞİ | KAYISI SUYU | YABAN MERSİNİ MARMELATI | KRUVASAN,170.0,300.0,True,236.6025,8,False,2000.0,2400.0,True,2018.0044,user2_nsgaii_nodiversity,20.0,9999.0,True,26.1402,12,0,212 343 307 99 354 129 113 132,HAVUÇ SALATASI LD | SEBZE GARNİTÜR (HAŞLANMIŞ) LD | OSMANLI ÇORBASI | ANDALOZ ÇORBASI | SOSLU MAKARNA | BULGUR PİLAVI | AYVA | CACIK LD,43.4,21.87,86.8,495.0,0.0,40.0,100.0,True,57.6551,10,1500.0,2300.0,True,1700.2446,2,user_orbit_1740,True,0
NSGA-II,60,PATATESLİ YUFKA BÖREĞİ,170.0,300.0,True,201.8719,5,False,2000.0,2400.0,True,2002.465,user2_nsgaii_nodiversity,20.0,9999.0,True,35.644,10,0,270 163 399 328 128 147 254 271 393,KREMALI BROKOLİ ÇORBASI | ERZİNCAN ÇORBASI LD | ZEYTİNYAĞLI ISPANAK | PİRİNÇLİ HAVUÇ ÇORBASI | BULGUR ÇORBASI | DOMATES SALATALIK SÖĞÜŞ LD | KISIR | KREMALI DOMATES  ÇORBASI | YOĞURTLU PATLICAN KIZARTMASI,38.5,12.37,60.2,527.0,0.0,40.0,100.0,True,58.0497,11,1500.0,2300.0,True,2008.3497,2,user_orbit_1740,True,0
NSGA-II,47 74 70 76 52 82 34 26,MERCİMEK ÇORBASI | SEMİZOTU SALATASI | SEBZE GARNİTÜR (HAŞLANMIŞ) | SİYAH ZEYTIN | ÖRGÜ PEYNİRİ | TAHİN PEKMEZ | KARNABAHAR SALATASI | HAVUÇ-TURP SALATASI,170.0,300.0,True,263.1149,10,False,2000.0,2400.0,True,2125.1154,user2_nsgaii_nodiversity,20.0,9999.0,True,20.8859,15,0,307 101 216 370 333 159 264,OSMANLI ÇORBASI | ANTEP FISTIKLI BAKLAVA | HAVUÇ-TURP SALATASI LD | TEL ŞEHRİYELİ HAVUÇ ÇORBASI | REVANİ | ELMA DİLİM PATATES KIZARTMASI | KİRAZ,51.7,28.8,90.6,622.0,0.0,40.0,100.0,True,46.2256,12,1500.0,2300.0,True,1694.7176,2,user_orbit_1740,True,0
NSGA-II,47 74 70 76 52 82 34 26,MERCİMEK ÇORBASI | SEMİZOTU SALATASI | SEBZE GARNİTÜR (HAŞLANMIŞ) | SİYAH ZEYTIN | ÖRGÜ PEYNİRİ | TAHİN PEKMEZ | KARNABAHAR SALATASI | HAVUÇ-TURP SALATASI,170.0,300.0,True,232.2542,9,False,2000.0,2400.0,True,2144.7414,user2_nsgaii_nodiversity,20.0,9999.0,True,23.2126,14,0,307 394 101 216 370 333,OSMANLI ÇORBASI | YOĞURTLU PAZI | ANTEP FISTIKLI BAKLAVA | HAVUÇ-TURP SALATASI LD | TEL ŞEHRİYELİ HAVUÇ ÇORBASI | REVANİ,49.5,26.9,87.5,632.0,0.0,40.0,100.0,True,55.2158,13,1500.0,2300.0,True,2198.2216,2,user_orbit_1740,True,0
SPEA2,61 24 25 74 87 16,PERMESAN PEYNİRİ | HAVUÇ SALATASI | HAVUÇ SUYU | SEMİZOTU SALATASI | VİŞNE REÇELİ | EKMEK,170.0,300.0,True,288.5784,11,False,2000.0,2400.0,True,2105.5425,user2_spea2_nodiversity,20.0,9999.0,True,27.7085,13,0,108 388 350 208 139 354 397,ARPA ŞEHRİYE PİLAVI | YOĞURTLU KABAK KIZARTMASI | SEBZELİ MAKARNA | GREYFURT SUYU LD | ÇİLEK | SOSLU MAKARNA | ZEYTİNYAĞLI BİBER DOLMASI,36.6,23.03,82.5,420.0,0.0,40.0,100.0,True,52.4367,1,1500.0,2300.0,True,2299.011,2,user_orbit_1740,True,0
SPEA2,60,PATATESLİ YUFKA BÖREĞİ,170.0,300.0,True,299.4062,7,False,2000.0,2400.0,True,2359.709,user2_spea2_nodiversity,20.0,9999.0,True,33.9615,9,0,359 401 212 275 270 129 147 341,SÜTLÜ İRMİK TATLISI | ZEYTİNYAĞLI KARNABAHAR | HAVUÇ SALATASI LD | KREMALI MANTARLI FESLEĞENLİ MAKARNA | KREMALI BROKOLİ ÇORBASI | BULGUR PİLAVI | DOMATES SALATALIK SÖĞÜŞ LD | SARAY ÇORBASI,29.2,11.9,66.1,467.0,0.0,40.0,100.0,True,71.8177,2,1500.0,2300.0,True,1536.6676,2,user_orbit_1740,True,0
SPEA2,60,PATATESLİ YUFKA BÖREĞİ,170.0,300.0,True,299.4062,7,False,2000.0,2400.0,True,2359.709,user2_spea2_nodiversity,20.0,9999.0,True,33.9615,9,0,359 401 212 275 270 129 147 341,SÜTLÜ İRMİK TATLISI | ZEYTİNYAĞLI KARNABAHAR | HAVUÇ SALATASI LD | KREMALI MANTARLI FESLEĞENLİ MAKARNA | KREMALI BROKOLİ ÇORBASI | BULGUR PİLAVI | DOMATES SALATALIK SÖĞÜŞ LD | SARAY ÇORBASI,29.2,11.9,66.1,467.0,0.0,40.0,100.0,True,71.8177,3,1500.0,2300.0,True,1536.6676,2,user_orbit_1740,True,0
SPEA2,61 24 25 74 87 16,PERMESAN PEYNİRİ | HAVUÇ SALATASI | HAVUÇ SUYU | SEMİZOTU SALATASI | VİŞNE REÇELİ | EKMEK,170.0,300.0,True,288.5784,11,False,2000.0,2400.0,True,2105.5425,user2_spea2_nodiversity,20.0,9999.0,True,27.7085,13,0,108 388 350 208 139 354 397,ARPA ŞEHRİYE PİLAVI | YOĞURTLU KABAK KIZARTMASI | SEBZELİ MAKARNA | GREYFURT SUYU LD | ÇİLEK | SOSLU MAKARNA | ZEYTİNYAĞLI BİBER DOLMASI,36.6,23.03,82.5,420.0,0.0,40.0,100.0,True,52.4367,4,1500.0,2300.0,True,2299.011,2,user_orbit_1740,True,0
SPEA2,47 48 73,MERCİMEK ÇORBASI | MEVSİM SALATASI | SEBZELİ YUFKA BÖREĞİ,170.0,300.0,True,292.1605,8,False,2000.0,2400.0,True,2038.6416,user2_spea2_nodiversity,20.0,9999.0,True,32.7663,9,0,213 272 386 332 216 395,HAVUÇ SUYU LD | KREMALI FESLEĞENLİ MAKARNA | YOĞURTLU ISPANAK | PORTAKALLI REVANİ | HAVUÇ-TURP SALATASI LD | YOĞURTLU SEMİZOTU,43.1,12.02,63.5,385.0,0.0,40.0,100.0,True,55.9389,5,1500.0,2300.0,True,1633.4995,2,user_orbit_1740,True,0
SPEA2,82 59 12,TAHİN PEKMEZ | PATATESLİ MİLFÖY BÖREĞİ | ÇİLEK REÇELİ,170.0,300.0,True,219.4661,5,False,2000.0,2400.0,True,2262.1075,user2_spea2_nodiversity,20.0,9999.0,True,20.5092,8,0,390 214 359 401 212,YOĞURTLU KARNABAHAR | HAVUÇ TARATOR | SÜTLÜ İRMİK TATLISI | ZEYTİNYAĞLI KARNABAHAR | HAVUÇ SALATASI LD,13.9,15.0,58.6,272.0,0.0,40.0,100.0,True,52.493,6,1500.0,2300.0,True,1596.7153,2,user_orbit_1740,True,0
SPEA2,82 59 12,TAHİN PEKMEZ | PATATESLİ MİLFÖY BÖREĞİ | ÇİLEK REÇELİ,170.0,300.0,True,219.4661,5,False,2000.0,2400.0,True,2262.1075,user2_spea2_nodiversity,20.0,9999.0,True,20.5092,8,0,390 214 359 401 212,YOĞURTLU KARNABAHAR | HAVUÇ TARATOR | SÜTLÜ İRMİK TATLISI | ZEYTİNYAĞLI KARNABAHAR | HAVUÇ SALATASI LD,13.9,15.0,58.6,272.0,0.0,40.0,100.0,True,52.493,7,1500.0,2300.0,True,1596.7153,2,user_orbit_1740,True,0
SPEA2,82 59 12,TAHİN PEKMEZ | PATATESLİ MİLFÖY BÖREĞİ | ÇİLEK REÇELİ,170.0,300.0,True,219.4661,5,False,2000.0,2400.0,True,2262.1075,user2_spea2_nodiversity,20.0,9999.0,True,20.5092,8,0,390 214 359 401 212,YOĞURTLU KARNABAHAR | HAVUÇ TARATOR | SÜTLÜ İRMİK TATLISI | ZEYTİNYAĞLI KARNABAHAR | HAVUÇ SALATASI LD,13.9,15.0,58.6,272.0,0.0,40.0,100.0,True,52.493,8,1500.0,2300.0,True,1596.7153,2,user_orbit_1740,True,0
SPEA2,47 48 73,MERCİMEK ÇORBASI | MEVSİM SALATASI | SEBZELİ YUFKA BÖREĞİ,170.0,300.0,True,292.1605,8,False,2000.0,2400.0,True,2038.6416,user2_spea2_nodiversity,20.0,9999.0,True,32.7663,9,0,213 272 386 332 216 395,HAVUÇ SUYU LD | KREMALI FESLEĞENLİ MAKARNA | YOĞURTLU ISPANAK | PORTAKALLI REVANİ | HAVUÇ-TURP SALATASI LD | YOĞURTLU SEMİZOTU,43.1,12.02,63.5,385.0,0.0,40.0,100.0,True,55.9389,9,1500.0,2300.0,True,1633.4995,2,user_orbit_1740,True,0
SPEA2,47 48 73,MERCİMEK ÇORBASI | MEVSİM SALATASI | SEBZELİ YUFKA BÖREĞİ,170.0,300.0,True,292.1605,8,False,2000.0,2400.0,True,2038.6416,user2_spea2_nodiversity,20.0,9999.0,True,32.7663,9,0,213 272 386 332 216 395,HAVUÇ SUYU LD | KREMALI FESLEĞENLİ MAKARNA | YOĞURTLU ISPANAK | PORTAKALLI REVANİ | HAVUÇ-TURP SALATASI LD | YOĞURTLU SEMİZOTU,43.1,12.02,63.5,385.0,0.0,40.0,100.0,True,55.9389,10,1500.0,2300.0,True,1633.4995,2,user_orbit_1740,True,0
SPEA2,61 24 25 74 87 16,PERMESAN PEYNİRİ | HAVUÇ SALATASI | HAVUÇ SUYU | SEMİZOTU SALATASI | VİŞNE REÇELİ | EKMEK,170.0,300.0,True,288.5784,11,False,2000.0,2400.0,True,2105.5425,user2_spea2_nodiversity,20.0,9999.0,True,27.7085,13,0,108 388 350 208 139 354 397,ARPA ŞEHRİYE PİLAVI | YOĞURTLU KABAK KIZARTMASI | SEBZELİ MAKARNA | GREYFURT SUYU LD | ÇİLEK | SOSLU MAKARNA | ZEYTİNYAĞLI BİBER DOLMASI,36.6,23.03,82.5,420.0,0.0,40.0,100.0,True,52.4367,11,1500.0,2300.0,True,2299.011,2,user_orbit_1740,True,0
SPEA2,82 59 12,TAHİN PEKMEZ | PATATESLİ MİLFÖY BÖREĞİ | ÇİLEK REÇELİ,170.0,300.0,True,219.4661,5,False,2000.0,2400.0,True,2262.1075,user2_spea2_nodiversity,20.0,9999.0,True,20.5092,8,0,390 214 359 401 212,YOĞURTLU KARNABAHAR | HAVUÇ TARATOR | SÜTLÜ İRMİK TATLISI | ZEYTİNYAĞLI KARNABAHAR | HAVUÇ SALATASI LD,13.9,15.0,58.6,272.0,0.0,40.0,100.0,True,52.493,12,1500.0,2300.0,True,1596.7153,2,user_orbit_1740,True,0
SPEA2,82 59 12,TAHİN PEKMEZ | PATATESLİ MİLFÖY BÖREĞİ | ÇİLEK REÇELİ,170.0,300.0,True,219.4661,5,False,2000.0,2400.0,True,2262.1075,user2_spea2_nodiversity,20.0,9999.0,True,20.5092,8,0,390 214 359 401 212,YOĞURTLU KARNABAHAR | HAVUÇ TARATOR | SÜTLÜ İRMİK TATLISI | ZEYTİNYAĞLI KARNABAHAR | HAVUÇ SALATASI LD,13.9,15.0,58.6,272.0,0.0,40.0,100.0,True,52.493,13,1500.0,2300.0,True,1596.7153,2,user_orbit_1740,True,0
SPEA2,82 59 12,TAHİN PEKMEZ | PATATESLİ MİLFÖY BÖREĞİ | ÇİLEK REÇELİ,170.0,300.0,True,219.4661,5,False,2000.0,2400.0,True,2262.1075,user2_spea2_nodiversity,20.0,9999.0,True,20.5092,8,0,390 214 359 401 212,YOĞURTLU KARNABAHAR | HAVUÇ TARATOR | SÜTLÜ İRMİK TATLISI | ZEYTİNYAĞLI KARNABAHAR | HAVUÇ SALATASI LD,13.9,15.0,58.6,272.0,0.0,40.0,100.0,True,52.493,14,1500.0,2300.0,True,1596.7153,2,user_orbit_1740,True,0
SPEA2,82 59 12,TAHİN PEKMEZ | PATATESLİ MİLFÖY BÖREĞİ | ÇİLEK REÇELİ,170.0,300.0,True,219.4661,5,False,2000.0,2400.0,True,2262.1075,user2_spea2_nodiversity,20.0,9999.0,True,20.5092,8,0,390 214 359 401 212,YOĞURTLU KARNABAHAR | HAVUÇ TARATOR | SÜTLÜ İRMİK TATLISI | ZEYTİNYAĞLI KARNABAHAR | HAVUÇ SALATASI LD,13.9,15.0,58.6,272.0,0.0,40.0,100.0,True,52.493,15,1500.0,2300.0,True,1596.7153,2,user_orbit_1740,True,0
SPEA2,82 59 12,TAHİN PEKMEZ | PATATESLİ MİLFÖY BÖREĞİ | ÇİLEK REÇELİ,170.0,300.0,True,219.4661,5,False,2000.0,2400.0,True,2262.1075,user2_spea2_nodiversity,20.0,9999.0,True,20.5092,8,0,390 214 359 401 212,YOĞURTLU KARNABAHAR | HAVUÇ TARATOR | SÜTLÜ İRMİK TATLISI | ZEYTİNYAĞLI KARNABAHAR | HAVUÇ SALATASI LD,13.9,15.0,58.6,272.0,0.0,40.0,100.0,True,52.493,16,1500.0,2300.0,True,1596.7153,2,user_orbit_1740,True,0
SPEA2,47 48 73,MERCİMEK ÇORBASI | MEVSİM SALATASI | SEBZELİ YUFKA BÖREĞİ,170.0,300.0,True,292.1605,8,False,2000.0,2400.0,True,2038.6416,user2_spea2_nodiversity,20.0,9999.0,True,32.7663,9,0,213 272 386 332 216 395,HAVUÇ SUYU LD | KREMALI FESLEĞENLİ MAKARNA | YOĞURTLU ISPANAK | PORTAKALLI REVANİ | HAVUÇ-TURP SALATASI LD | YOĞURTLU SEMİZOTU,43.1,12.02,63.5,385.0,0.0,40.0,100.0,True,55.9389,17,1500.0,2300.0,True,1633.4995,2,user_orbit_1740,True,0
SPEA2,47 48 73,MERCİMEK ÇORBASI | MEVSİM SALATASI | SEBZELİ YUFKA BÖREĞİ,170.0,300.0,True,292.1605,8,False,2000.0,2400.0,True,2038.6416,user2_spea2_nodiversity,20.0,9999.0,True,32.7663,9,0,213 272 386 332 216 395,HAVUÇ SUYU LD | KREMALI FESLEĞENLİ MAKARNA | YOĞURTLU ISPANAK | PORTAKALLI REVANİ | HAVUÇ-TURP SALATASI LD | YOĞURTLU SEMİZOTU,43.1,12.02,63.5,385.0,0.0,40.0,100.0,True,55.9389,18,1500.0,2300.0,True,1633.4995,2,user_orbit_1740,True,0
SPEA2,47 48 73,MERCİMEK ÇORBASI | MEVSİM SALATASI | SEBZELİ YUFKA BÖREĞİ,170.0,300.0,True,292.1605,8,False,2000.0,2400.0,True,2038.6416,user2_spea2_nodiversity,20.0,9999.0,True,32.7663,9,0,213 272 386 332 216 395,HAVUÇ SUYU LD | KREMALI FESLEĞENLİ MAKARNA | YOĞURTLU ISPANAK | PORTAKALLI REVANİ | HAVUÇ-TURP SALATASI LD | YOĞURTLU SEMİZOTU,43.1,12.02,63.5,385.0,0.0,40.0,100.0,True,55.9389,19,1500.0,2300.0,True,1633.4995,2,user_orbit_1740,True,0
SPEA2,47 48 73,MERCİMEK ÇORBASI | MEVSİM SALATASI | SEBZELİ YUFKA BÖREĞİ,170.0,300.0,True,292.1605,8,False,2000.0,2400.0,True,2038.6416,user2_spea2_nodiversity,20.0,9999.0,True,32.7663,9,0,213 272 386 332 216 395,HAVUÇ SUYU LD | KREMALI FESLEĞENLİ MAKARNA | YOĞURTLU ISPANAK | PORTAKALLI REVANİ | HAVUÇ-TURP SALATASI LD | YOĞURTLU SEMİZOTU,43.1,12.02,63.5,385.0,0.0,40.0,100.0,True,55.9389,20,1500.0,2300.0,True,1633.4995,2,user_orbit_1740,True,0
NSGA-II,9 57 88 47,ÇEÇİL PEYNİRİ | PATATESLİ GÜL BÖREĞİ | VİŞNE SUYU | MERCİMEK ÇORBASI,170.0,300.0,True,209.9528,8,True,2000.0,2400.0,True,2140.032,user2_nsgaii_diversity,20.0,9999.0,False,18.273,9,0,95 391 318 131 197,AKDENİZ SALATASI LD | YOĞURTLU KARNABAHAR KIZARTMASI | PEYNİRLİ MAKARNA | CACIK | EZOGELİN ÇORBASI LD,24.0,15.47,52.8,320.0,0.031371,40.0,100.0,True,69.6095,1,1500.0,2300.0,True,1672.078,2,user_orbit_1740,True,1
NSGA-II,9 57 88 55,ÇEÇİL PEYNİRİ | PATATESLİ GÜL BÖREĞİ | VİŞNE SUYU | PATATES PÜRESİ B,170.0,300.0,True,224.3337,9,True,2000.0,2400.0,True,2242.9681,user2_nsgaii_diversity,20.0,9999.0,False,18.5548,10,0,95 391 318 131 197 242,AKDENİZ SALATASI LD | YOĞURTLU KARNABAHAR KIZARTMASI | PEYNİRLİ MAKARNA | CACIK | EZOGELİN ÇORBASI LD | KABAK MÜCVER,21.0,16.06,60.5,340.0,0.027879,40.0,100.0,True,70.315,2,1500.0,2300.0,True,1984.461,2,user_orbit_1740,True,1
NSGA-II,63 89 21 56,PEYNİRLİ GÜL BÖREĞİ | YABAN MERSİNİ MARMELATI | FINDIK EZMESİ | PATATES SALATASI,170.0,300.0,True,208.5881,7,True,2000.0,2400.0,True,2015.9134,user2_nsgaii_diversity,20.0,9999.0,True,21.6074,10,0,402 251 395 110 317 393,ZEYTİNYAĞLI KEREVİZ | KAYISI | YOĞURTLU SEMİZOTU | ARRABİATA SOSLU MAKARNA | PEYNİRLİ AKDENİZ SALATASI LD | YOĞURTLU PATLICAN KIZARTMASI,38.7,21.73,70.5,340.0,0.035714,40.0,100.0,True,50.5186,3,1500.0,2300.0,True,2273.3398,2,user_orbit_1740,True,0
NSGA-II,24 91 12 93 48 51,HAVUÇ SALATASI | YER FISTIĞI EZMESİ | ÇİLEK REÇELİ | YOĞURT B | MEVSİM SALATASI | NARLI KAHVALTI SALATASI,170.0,300.0,True,232.198,10,True,2000.0,2400.0,True,2037.9191,user2_nsgaii_diversity,20.0,9999.0,True,38.2887,12,0,367 103 215 391 113 303,TAM BUĞDAY EKMEK LD | ANTEP FISTIKLI SARI BURMA | HAVUÇLU PİRİNÇ PİLAVI | YOĞURTLU KARNABAHAR KIZARTMASI | AYVA | NOHUT ÇORBASI,34.8,26.47,72.3,405.0,0.025,40.0,100.0,True,55.2489,4,1500.0,2300.0,True,1550.9305,2,user_orbit_1740,True,0
NSGA-II,24 91 12 93 48 51,HAVUÇ SALATASI | YER FISTIĞI EZMESİ | ÇİLEK REÇELİ | YOĞURT B | MEVSİM SALATASI | NARLI KAHVALTI SALATASI,170.0,300.0,True,232.198,10,True,2000.0,2400.0,True,2037.9191,user2_nsgaii_diversity,20.0,9999.0,True,38.2887,12,0,367 103 215 391 113 303,TAM BUĞDAY EKMEK LD | ANTEP FISTIKLI SARI BURMA | HAVUÇLU PİRİNÇ PİLAVI | YOĞURTLU KARNABAHAR KIZARTMASI | AYVA | NOHUT ÇORBASI,34.8,26.47,72.3,405.0,0.025,40.0,100.0,True,55.2489,5,1500.0,2300.0,True,1550.9305,2,user_orbit_1740,True,0
NSGA-II,4 76 89 3 88 81 34 26 69 86,BAHARATLI ELMA DİLİM PATATES KIZARTMASI B | SİYAH ZEYTIN | YABAN MERSİNİ MARMELATI | AYVA REÇELİ | VİŞNE SUYU | ŞEFTALİ SUYU | KARNABAHAR SALATASI | HAVUÇ-TURP SALATASI | ROKA SALATASI | ÜZÜM PEKMEZİ,170.0,300.0,True,289.3203,12,True,2000.0,2400.0,True,2279.5069,user2_nsgaii_diversity,20.0,9999.0,True,25.0476,17,0,212 344 271 127 208 245 358,HAVUÇ SALATASI LD | SEBZE GRATEN | KREMALI DOMATES  ÇORBASI | BUĞDAY RİSOTTO | GREYFURT SUYU LD | KARIŞIK TURŞU | SÜTLAÇ,32.6,24.71,122.3,440.0,0.032499,40.0,100.0,False,39.0001,6,1500.0,2300.0,True,1543.7405,2,user_orbit_1740,True,1
NSGA-II,45 57 88,MAKARNA SALATASI | PATATESLİ GÜL BÖREĞİ | VİŞNE SUYU,170.0,300.0,True,255.2265,11,True,2000.0,2400.0,True,2037.888,user2_nsgaii_diversity,20.0,9999.0,True,25.4688,11,0,328 405 214 309 139 213 352 152,PİRİNÇLİ HAVUÇ ÇORBASI | ZEYTİNYAĞLI TAZE FASULYE | HAVUÇ TARATOR | PARMAK PATATES KIZARTMASI | ÇİLEK | HAVUÇ SUYU LD | SEBZELİ PİRİNÇ PİLAVI | DOMATESLİ MAKARNA,27.9,17.87,85.4,454.0,0.02525,40.0,100.0,False,39.7837,7,1500.0,2300.0,True,1663.38,2,user_orbit_1740,True,1
NSGA-II,45 57 88,MAKARNA SALATASI | PATATESLİ GÜL BÖREĞİ | VİŞNE SUYU,170.0,300.0,True,255.2265,11,True,2000.0,2400.0,True,2037.888,user2_nsgaii_diversity,20.0,9999.0,True,25.4688,11,0,328 405 214 309 139 213 352 152,PİRİNÇLİ HAVUÇ ÇORBASI | ZEYTİNYAĞLI TAZE FASULYE | HAVUÇ TARATOR | PARMAK PATATES KIZARTMASI | ÇİLEK | HAVUÇ SUYU LD | SEBZELİ PİRİNÇ PİLAVI | DOMATESLİ MAKARNA,27.9,17.87,85.4,454.0,0.02525,40.0,100.0,False,39.7837,8,1500.0,2300.0,True,1663.38,2,user_orbit_1740,True,1
NSGA-II,43 81 67 9 91 47,KÜP PATATES KIZARTMASI B | ŞEFTALİ SUYU | PORTAKAL SUYU | ÇEÇİL PEYNİRİ | YER FISTIĞI EZMESİ | MERCİMEK ÇORBASI,170.0,300.0,True,207.3821,9,True,2000.0,2400.0,True,2097.607,user2_nsgaii_diversity,20.0,9999.0,True,43.5092,12,0,405 241 197 123 399 214,ZEYTİNYAĞLI TAZE FASULYE | KABAK KALYE | EZOGELİN ÇORBASI LD | BARBUNYA PİLAKİ | ZEYTİNYAĞLI ISPANAK | HAVUÇ TARATOR,42.3,14.84,76.8,490.0,0.027778,40.0,100.0,True,63.3257,9,1500.0,2300.0,True,2100.736,2,user_orbit_1740,True,0
NSGA-II,52 70 5 74 4 86 35 45,ÖRGÜ PEYNİRİ | SEBZE GARNİTÜR (HAŞLANMIŞ) | BAL | SEMİZOTU SALATASI | BAHARATLI ELMA DİLİM PATATES KIZARTMASI B | ÜZÜM PEKMEZİ | KAYISI SUYU | MAKARNA SALATASI,170.0,300.0,True,228.0433,10,True,2000.0,2400.0,True,2078.0777,user2_nsgaii_diversity,20.0,9999.0,True,38.9455,14,0,198 313 296 312 399 214,FASULYE PİLAKİ | PATATES SALATASI LD | MERCİMEK ÇORBASI LD | PATATES PÜRESİ | ZEYTİNYAĞLI ISPANAK | HAVUÇ TARATOR,38.1,16.79,99.7,544.0,0.025,40.0,100.0,True,62.6362,10,1500.0,2300.0,True,2281.7964,2,user_orbit_1740,True,0
SPEA2,82 17 40 3 87 16,TAHİN PEKMEZ | ELMA DİLİM PATATES KIZARTMASI B | KRUVASAN | AYVA REÇELİ | VİŞNE REÇELİ | EKMEK,170.0,300.0,False,306.3976,9,True,2000.0,2400.0,True,2058.9175,user2_spea2_diversity,20.0,9999.0,False,18.4268,14,0,112 213 272 386 332 216 395 273,AYRAN | HAVUÇ SUYU LD | KREMALI FESLEĞENLİ MAKARNA | YOĞURTLU ISPANAK | PORTAKALLI REVANİ | HAVUÇ-TURP SALATASI LD | YOĞURTLU SEMİZOTU | KREMALI ISPANAK ÇORBASI,48.5,24.9,112.4,412.0,0.042652,40.0,100.0,True,57.814,1,1500.0,2300.0,True,1777.0203,2,user_orbit_1740,True,2
SPEA2,82 17 40 3 87 16,TAHİN PEKMEZ | ELMA DİLİM PATATES KIZARTMASI B | KRUVASAN | AYVA REÇELİ | VİŞNE REÇELİ | EKMEK,170.0,300.0,False,306.3976,9,True,2000.0,2400.0,True,2058.9175,user2_spea2_diversity,20.0,9999.0,False,18.4268,14,0,112 213 272 386 332 216 395 273,AYRAN | HAVUÇ SUYU LD | KREMALI FESLEĞENLİ MAKARNA | YOĞURTLU ISPANAK | PORTAKALLI REVANİ | HAVUÇ-TURP SALATASI LD | YOĞURTLU SEMİZOTU | KREMALI ISPANAK ÇORBASI,48.5,24.9,112.4,412.0,0.042652,40.0,100.0,True,57.814,2,1500.0,2300.0,True,1777.0203,2,user_orbit_1740,True,2
SPEA2,61 24 25 74 87 16,PERMESAN PEYNİRİ | HAVUÇ SALATASI | HAVUÇ SUYU | SEMİZOTU SALATASI | VİŞNE REÇELİ | EKMEK,170.0,300.0,True,288.5784,11,True,2000.0,2400.0,True,2105.5425,user2_spea2_diversity,20.0,9999.0,True,27.7085,13,0,108 388 350 208 139 354 397,ARPA ŞEHRİYE PİLAVI | YOĞURTLU KABAK KIZARTMASI | SEBZELİ MAKARNA | GREYFURT SUYU LD | ÇİLEK | SOSLU MAKARNA | ZEYTİNYAĞLI BİBER DOLMASI,36.6,23.03,82.5,420.0,0.022727,40.0,100.0,True,52.4367,3,1500.0,2300.0,True,2299.011,2,user_orbit_1740,True,0
SPEA2,61 24 25 74 87 16,PERMESAN PEYNİRİ | HAVUÇ SALATASI | HAVUÇ SUYU | SEMİZOTU SALATASI | VİŞNE REÇELİ | EKMEK,170.0,300.0,True,294.0336,10,True,2000.0,2400.0,True,2200.5825,user2_spea2_diversity,20.0,9999.0,True,25.0448,12,0,355 141 127 314 395 382,SOSLU PATLICAN KIZARTMASI | ÇOBAN SALATASI LD | BUĞDAY RİSOTTO | PATATES SOTE | YOĞURTLU SEMİZOTU | YOĞURT TATLISI,28.3,18.91,82.0,360.0,0.025,40.0,100.0,True,52.1431,4,1500.0,2300.0,True,2255.4011,2,user_orbit_1740,True,0
SPEA2,16 54 89 88 52 6,EKMEK | PARMAK PATATES KIZARTMASI B | YABAN MERSİNİ MARMELATI | VİŞNE SUYU | ÖRGÜ PEYNİRİ | BEYAZ PEYNIR,170.0,300.0,True,281.2407,10,True,2000.0,2400.0,False,1970.6673,user2_spea2_diversity,20.0,9999.0,True,20.9223,13,0,365 115 162 246 334 272 250,ŞEHRİYELİ PİRİNÇ PİLAVI | BADEMLİ MUHALLEBİ | ERİŞTE | KARNABAHAR SALATASI LD | ROKA SALATASI LD | KREMALI FESLEĞENLİ MAKARNA | KAVUN,51.7,14.7,89.2,275.0,0.076332,40.0,100.0,True,52.792,5,1500.0,2300.0,True,1778.5008,2,user_orbit_1740,True,1
SPEA2,61 24 25 74 87 16,PERMESAN PEYNİRİ | HAVUÇ SALATASI | HAVUÇ SUYU | SEMİZOTU SALATASI | VİŞNE REÇELİ | EKMEK,170.0,300.0,True,294.0336,10,True,2000.0,2400.0,True,2200.5825,user2_spea2_diversity,20.0,9999.0,True,25.0448,12,0,355 141 127 314 395 382,SOSLU PATLICAN KIZARTMASI | ÇOBAN SALATASI LD | BUĞDAY RİSOTTO | PATATES SOTE | YOĞURTLU SEMİZOTU | YOĞURT TATLISI,28.3,18.91,82.0,360.0,0.025,40.0,100.0,True,52.1431,6,1500.0,2300.0,True,2255.4011,2,user_orbit_1740,True,0
SPEA2,61 24 25 74 87 16,PERMESAN PEYNİRİ | HAVUÇ SALATASI | HAVUÇ SUYU | SEMİZOTU SALATASI | VİŞNE REÇELİ | EKMEK,170.0,300.0,True,294.0336,10,True,2000.0,2400.0,True,2200.5825,user2_spea2_diversity,20.0,9999.0,True,25.0448,12,0,355 141 127 314 395 382,SOSLU PATLICAN KIZARTMASI | ÇOBAN SALATASI LD | BUĞDAY RİSOTTO | PATATES SOTE | YOĞURTLU SEMİZOTU | YOĞURT TATLISI,28.3,18.91,82.0,360.0,0.025,40.0,100.0,True,52.1431,7,1500.0,2300.0,True,2255.4011,2,user_orbit_1740,True,0
SPEA2,61 24 25 74 87 16,PERMESAN PEYNİRİ | HAVUÇ SALATASI | HAVUÇ SUYU | SEMİZOTU SALATASI | VİŞNE REÇELİ | EKMEK,170.0,300.0,True,288.5784,11,True,2000.0,2400.0,True,2105.5425,user2_spea2_diversity,20.0,9999.0,True,27.7085,13,0,108 388 350 208 139 354 397,ARPA ŞEHRİYE PİLAVI | YOĞURTLU KABAK KIZARTMASI | SEBZELİ MAKARNA | GREYFURT SUYU LD | ÇİLEK | SOSLU MAKARNA | ZEYTİNYAĞLI BİBER DOLMASI,36.6,23.03,82.5,420.0,0.022727,40.0,100.0,True,52.4367,8,1500.0,2300.0,True,2299.011,2,user_orbit_1740,True,0
SPEA2,47 48 73,MERCİMEK ÇORBASI | MEVSİM SALATASI | SEBZELİ YUFKA BÖREĞİ,170.0,300.0,True,292.1605,8,True,2000.0,2400.0,True,2038.6416,user2_spea2_diversity,20.0,9999.0,True,32.7663,9,0,213 272 386 332 216 395,HAVUÇ SUYU LD | KREMALI FESLEĞENLİ MAKARNA | YOĞURTLU ISPANAK | PORTAKALLI REVANİ | HAVUÇ-TURP SALATASI LD | YOĞURTLU SEMİZOTU,43.1,12.02,63.5,385.0,0.03125,40.0,100.0,True,55.9389,9,1500.0,2300.0,True,1633.4995,2,user_orbit_1740,True,0
SPEA2,47 48 73,MERCİMEK ÇORBASI | MEVSİM SALATASI | SEBZELİ YUFKA BÖREĞİ,170.0,300.0,True,292.1605,8,True,2000.0,2400.0,True,2038.6416,user2_spea2_diversity,20.0,9999.0,True,32.7663,9,0,213 272 386 332 216 395,HAVUÇ SUYU LD | KREMALI FESLEĞENLİ MAKARNA | YOĞURTLU ISPANAK | PORTAKALLI REVANİ | HAVUÇ-TURP SALATASI LD | YOĞURTLU SEMİZOTU,43.1,12.02,63.5,385.0,0.03125,40.0,100.0,True,55.9389,10,1500.0,2300.0,True,1633.4995,2,user_orbit_1740,True,0
SPEA2,82 59 12,TAHİN PEKMEZ | PATATESLİ MİLFÖY BÖREĞİ | ÇİLEK REÇELİ,170.0,300.0,True,219.4661,5,True,2000.0,2400.0,True,2262.1075,user2_spea2_diversity,20.0,9999.0,True,20.5092,8,0,390 214 359 401 212,YOĞURTLU KARNABAHAR | HAVUÇ TARATOR | SÜTLÜ İRMİK TATLISI | ZEYTİNYAĞLI KARNABAHAR | HAVUÇ SALATASI LD,13.9,15.0,58.6,272.0,0.05,40.0,100.0,True,52.493,11,1500.0,2300.0,True,1596.7153,2,user_orbit_1740,True,0
SPEA2,61 24 25 74 87 16,PERMESAN PEYNİRİ | HAVUÇ SALATASI | HAVUÇ SUYU | SEMİZOTU SALATASI | VİŞNE REÇELİ | EKMEK,170.0,300.0,True,288.5784,11,True,2000.0,2400.0,True,2105.5425,user2_spea2_diversity,20.0,9999.0,True,27.7085,13,0,108 388 350 208 139 354 397,ARPA ŞEHRİYE PİLAVI | YOĞURTLU KABAK KIZARTMASI | SEBZELİ MAKARNA | GREYFURT SUYU LD | ÇİLEK | SOSLU MAKARNA | ZEYTİNYAĞLI BİBER DOLMASI,36.6,23.03,82.5,420.0,0.022727,40.0,100.0,True,52.4367,12,1500.0,2300.0,True,2299.011,2,user_orbit_1740,True,0
SPEA2,47 48 73,MERCİMEK ÇORBASI | MEVSİM SALATASI | SEBZELİ YUFKA BÖREĞİ,170.0,300.0,True,292.1605,8,True,2000.0,2400.0,True,2038.6416,user2_spea2_diversity,20.0,9999.0,True,32.7663,9,0,213 272 386 332 216 395,HAVUÇ SUYU LD | KREMALI FESLEĞENLİ MAKARNA | YOĞURTLU ISPANAK | PORTAKALLI REVANİ | HAVUÇ-TURP SALATASI LD | YOĞURTLU SEMİZOTU,43.1,12.02,63.5,385.0,0.03125,40.0,100.0,True,55.9389,13,1500.0,2300.0,True,1633.4995,2,user_orbit_1740,True,0
SPEA2,47 48 73,MERCİMEK ÇORBASI | MEVSİM SALATASI | SEBZELİ YUFKA BÖREĞİ,170.0,300.0,True,292.1605,8,True,2000.0,2400.0,True,2038.6416,user2_spea2_diversity,20.0,9999.0,True,32.7663,9,0,213 272 386 332 216 395,HAVUÇ SUYU LD | KREMALI FESLEĞENLİ MAKARNA | YOĞURTLU ISPANAK | PORTAKALLI REVANİ | HAVUÇ-TURP SALATASI LD | YOĞURTLU SEMİZOTU,43.1,12.02,63.5,385.0,0.03125,40.0,100.0,True,55.9389,14,1500.0,2300.0,True,1633.4995,2,user_orbit_1740,True,0
SPEA2,82 59 12,TAHİN PEKMEZ | PATATESLİ MİLFÖY BÖREĞİ | ÇİLEK REÇELİ,170.0,300.0,True,219.4661,5,True,2000.0,2400.0,True,2262.1075,user2_spea2_diversity,20.0,9999.0,True,20.5092,8,0,390 214 359 401 212,YOĞURTLU KARNABAHAR | HAVUÇ TARATOR | SÜTLÜ İRMİK TATLISI | ZEYTİNYAĞLI KARNABAHAR | HAVUÇ SALATASI LD,13.9,15.0,58.6,272.0,0.05,40.0,100.0,True,52.493,15,1500.0,2300.0,True,1596.7153,2,user_orbit_1740,True,0
SPEA2,82 59 12,TAHİN PEKMEZ | PATATESLİ MİLFÖY BÖREĞİ | ÇİLEK REÇELİ,170.0,300.0,True,219.4661,5,True,2000.0,2400.0,True,2262.1075,user2_spea2_diversity,20.0,9999.0,True,20.5092,8,0,390 214 359 401 212,YOĞURTLU KARNABAHAR | HAVUÇ TARATOR | SÜTLÜ İRMİK TATLISI | ZEYTİNYAĞLI KARNABAHAR | HAVUÇ SALATASI LD,13.9,15.0,58.6,272.0,0.05,40.0,100.0,True,52.493,16,1500.0,2300.0,True,1596.7153,2,user_orbit_1740,True,0
SPEA2,82 59 12,TAHİN PEKMEZ | PATATESLİ MİLFÖY BÖREĞİ | ÇİLEK REÇELİ,170.0,300.0,True,219.4661,5,True,2000.0,2400.0,True,2262.1075,user2_spea2_diversity,20.0,9999.0,True,20.5092,8,0,390 214 359 401 212,YOĞURTLU KARNABAHAR | HAVUÇ TARATOR | SÜTLÜ İRMİK TATLISI | ZEYTİNYAĞLI KARNABAHAR | HAVUÇ SALATASI LD,13.9,15.0,58.6,272.0,0.05,40.0,100.0,True,52.493,17,1500.0,2300.0,True,1596.7153,2,user_orbit_1740,True,0
SPEA2,82 59 12,TAHİN PEKMEZ | PATATESLİ MİLFÖY BÖREĞİ | ÇİLEK REÇELİ,170.0,300.0,True,219.4661,5,True,2000.0,2400.0,True,2262.1075,user2_spea2_diversity,20.0,9999.0,True,20.5092,8,0,390 214 359 401 212,YOĞURTLU KARNABAHAR | HAVUÇ TARATOR | SÜTLÜ İRMİK TATLISI | ZEYTİNYAĞLI KARNABAHAR | HAVUÇ SALATASI LD,13.9,15.0,58.6,272.0,0.05,40.0,100.0,True,52.493,18,1500.0,2300.0,True,1596.7153,2,user_orbit_1740,True,0
SPEA2,82 59 12,TAHİN PEKMEZ | PATATESLİ MİLFÖY BÖREĞİ | ÇİLEK REÇELİ,170.0,300.0,True,219.4661,5,True,2000.0,2400.0,True,2262.1075,user2_spea2_diversity,20.0,9999.0,True,20.5092,8,0,390 214 359 401 212,YOĞURTLU KARNABAHAR | HAVUÇ TARATOR | SÜTLÜ İRMİK TATLISI | ZEYTİNYAĞLI KARNABAHAR | HAVUÇ SALATASI LD,13.9,15.0,58.6,272.0,0.05,40.0,100.0,True,52.493,19,1500.0,2300.0,True,1596.7153,2,user_orbit_1740,True,0
SPEA2,61 24 25 74 87 16,PERMESAN PEYNİRİ | HAVUÇ SALATASI | HAVUÇ SUYU | SEMİZOTU SALATASI | VİŞNE REÇELİ | EKMEK,170.0,300.0,True,294.0336,10,True,2000.0,2400.0,True,2200.5825,user2_spea2_diversity,20.0,9999.0,True,25.0448,12,0,355 141 127 314 395 382,SOSLU PATLICAN KIZARTMASI | ÇOBAN SALATASI LD | BUĞDAY RİSOTTO | PATATES SOTE | YOĞURTLU SEMİZOTU | YOĞURT TATLISI,28.3,18.91,82.0,360.0,0.025,40.0,100.0,True,52.1431,20,1500.0,2300.0,True,2255.4011,2,user_orbit_1740,True,0
